,Métrica,Keras,PyTorch
0,Accuracy,0.6,0.7
1,Precisión,0.6333333333333333,0.5785714285714285
2,Recall,0.6,0.7
3,F1-Score,0.613986013986014,0.613986013986014
